amyloid_beta-peptides; 320
apolipoproteins_e; 223
amyloid_beta-protein_precursor; 190
membrane_proteins; 170
cholinesterase_inhibitors; 138
peptide_fragments; 134
presenilin-1; 128
tau_proteins; 121
psen1_protein__human; 115
apolipoprotein_e4; 83
nerve_tissue_proteins; 68
amyloid_beta-protein_(1-42); 65
endopeptidases; 64
rna__messenger; 62
presenilin-2; 62
aspartic_acid_endopeptidases; 59
amyloid_precursor_protein_secretases; 59
psen2_protein__human; 58
piperidines; 56
bace1_protein__human; 53
indans; 53
donepezil; 51
nootropic_agents; 49
amyloid_beta-protein_(1-40); 49
biomarkers; 48
neuroprotective_agents; 45
amyloid; 40
estrogens; 36
anti-inflammatory_agents__non-steroidal; 34
protein_isoforms; 33
antioxidants; 32
carbamates; 31
carrier_proteins; 31
acetylcholine; 30
acetylcholinesterase; 29
phenylcarbamates; 28
rivastigmine; 27
receptors__nicotinic; 26
recombinant_proteins; 26
tacrine; 25
interleukin-1; 25
calcium; 24
antibodies__monoclonal; 24
alpha-macroglobulins; 22
caspases; 22
choline_o-acetyltransferase; 21
glucose; 21
receptors__muscarinic; 20
synucleins; 20
dna; 20
enzyme_inhibitors; 20
radiopharmaceuticals; 20
fluorescent_dyes; 19
zinc; 19
bace2_protein__human; 19
aluminum; 19
antipsychotic_agents; 19
isoenzymes; 19
cholesterol; 17
hydrogen_peroxide; 17
antibodies; 17
nitric_oxide_synthase; 17
alpha-synuclein; 17
snca_protein__human; 16
nitric_oxide; 16
reactive_oxygen_species; 16
receptors__immunologic; 16
membrane_glycoproteins; 16
dna_primers; 15
receptors__notch; 15
genetic_markers; 15
psychotropic_drugs; 15
calcium-calmodulin-dependent_protein_kinases; 15
vitamin_e; 15
free_radicals; 15
muscarinic_agonists; 14
cytokines; 14
placebos; 14
bace1_protein__mouse; 14
technetium_tc_99m_exametazime; 14
ubiquitins; 14
dna__complementary; 14
galantamine; 14
butyrylcholinesterase; 13
copper; 13
nicotinic_agonists; 13
tumor_necrosis_factor-alpha; 13
ligands; 13
interleukin-6; 13
amyloid_beta-protein_(25-35); 13
protease_inhibitors; 13
thiazoles; 12
low_density_lipoprotein_receptor-related_protein-1; 12
aspartic_acid; 12
alpha_1-antichymotrypsin; 12
glycogen_synthase_kinase_3; 12
recombinant_fusion_proteins; 12
neurotoxins; 12
superoxide_dismutase; 11
nicotine; 11
trichlorfon; 11
receptors__cell_surface; 11
transcription_factors; 11
prostaglandin-endoperoxide_synthases; 11
nerve_growth_factor; 11
molecular_chaperones; 10
mitogen-activated_protein_kinases; 10
protein-serine-threonine_kinases; 10
apolipoprotein_e3; 10
epitopes; 10
pyridines; 10
iron; 10
serotonin; 10
glycogen_synthase_kinases; 10
estradiol; 10
microtubule-associated_proteins; 9
cholinergic_agents; 9
proteins; 9
receptors__ldl; 9
peptides; 9
metals; 9
cyclooxygenase_inhibitors; 9
phosphoproteins; 9
glutamic_acid; 9
cathepsin_d; 9
homocysteine; 9
caspase_3; 9
alkaloids; 9
selegiline; 9
drugs__chinese_herbal; 9
protein_kinase_c; 8
plant_extracts; 8
fluorodeoxyglucose_f18; 8
insulin; 8
nerve_growth_factors; 8
physostigmine; 8
cysteine_endopeptidases; 8
dopamine; 8
oligopeptides; 8
membrane_transport_proteins; 8
nuclear_proteins; 8
glycoproteins; 8
peptidyl-dipeptidase_a; 8
interferon-gamma; 8
antidepressive_agents; 8
oxygen; 8
monoamine_oxidase_inhibitors; 8
dna__mitochondrial; 8
synaptophysin; 8
transforming_growth_factor_beta; 8
lipoproteins; 8
receptor__muscarinic_m1; 8
hydrocortisone; 7
cyclin-dependent_kinases; 7
adenosine_triphosphate; 7
proto-oncogene_proteins; 7
caspase_inhibitors; 7
heme_oxygenase_(decyclizing); 7
memantine; 7
nf-kappa_b; 7
apolipoprotein_e2; 7
receptors__nerve_growth_factor; 7
flavonoids; 7
cyclic_amp-dependent_protein_kinases; 7
receptors__cholinergic; 7
cyclooxygenase_2; 7
iodine_radioisotopes; 7
cysteine_proteinase_inhibitors; 7
congo_red; 7
folic_acid; 6
heme_oxygenase-1; 6
proteasome_endopeptidase_complex; 6
receptors__n-methyl-d-aspartate; 6
complement_system_proteins; 6
prions; 6
anticonvulsants; 6
coloring_agents; 6
amino_acids; 6
calcium-binding_proteins; 6
casp3_protein__human; 6
tyrosine; 6
anti-inflammatory_agents; 6
clusterin; 6
hmox1_protein__human; 6
metalloendopeptidases; 6
gamma-aminobutyric_acid; 6
estrogens__conjugated_(usp); 6
sesquiterpenes; 6
neurotransmitter_agents; 6
dna-binding_proteins; 6
blood_proteins; 6
protein_kinases; 6
arginine; 6
ptgs2_protein__human; 6
benzazepines; 6
choline; 6
thioflavin_t; 6
receptors__lipoprotein; 6
dehydroepiandrosterone_sulfate; 6
norepinephrine; 6
amyloid_beta-peptides; 575
apolipoproteins_e; 235
amyloid_beta-protein_precursor; 232
tau_proteins; 204
cholinesterase_inhibitors; 196
peptide_fragments; 195
biomarkers; 146
membrane_proteins; 126
amyloid_beta-protein_(1-42); 108
apolipoprotein_e4; 107
amyloid_precursor_protein_secretases; 102
aspartic_acid_endopeptidases; 98
endopeptidases; 98
presenilin-1; 88
neuroprotective_agents; 83
nerve_tissue_proteins; 82
bace1_protein__human; 82
piperidines; 77
indans; 75
donepezil; 73
psen1_protein__human; 72
nootropic_agents; 67
amyloid; 66
rna__messenger; 65
cholesterol; 65
antioxidants; 55
memantine; 52
peptides; 50
phenylcarbamates; 47
rivastigmine; 47
amyloid_beta-protein_(1-40); 44
antipsychotic_agents; 43
radiopharmaceuticals; 42
anti-inflammatory_agents__non-steroidal; 41
enzyme_inhibitors; 39
acetylcholine; 36
galantamine; 36
bace1_protein__mouse; 35
reactive_oxygen_species; 34
acetylcholinesterase; 34
fluorodeoxyglucose_f18; 33
presenilin-2; 31
calcium; 31
hydroxymethylglutaryl-coa_reductase_inhibitors; 29
excitatory_amino_acid_antagonists; 29
copper; 28
thiazoles; 28
protein_isoforms; 28
homocysteine; 27
antibodies__monoclonal; 27
receptors__n-methyl-d-aspartate; 26
psen2_protein__human; 25
glutamic_acid; 25
alzheimer_vaccines; 23
glycogen_synthase_kinase_3; 23
antibodies; 23
dna; 23
neprilysin; 22
caspases; 22
proteins; 21
ligands; 21
estrogens; 21
mapt_protein__human; 21
alpha-synuclein; 21
choline_o-acetyltransferase; 20
recombinant_proteins; 20
thioflavin_t; 20
carrier_proteins; 20
insulin; 19
vitamin_e; 19
glial_fibrillary_acidic_protein; 18
superoxide_dismutase; 18
genetic_markers; 18
zinc; 18
cytokines; 18
butyrylcholinesterase; 18
metals; 18
iron; 18
protease_inhibitors; 18
proteasome_endopeptidase_complex; 17
hydrogen_peroxide; 17
tyrosine; 17
nitric_oxide; 17
serine; 16
receptors__nicotinic; 16
neurotransmitter_agents; 16
nerve_growth_factors; 16
fluorescent_dyes; 15
insulysin; 15
ubiquitin; 15
brain-derived_neurotrophic_factor; 15
nerve_growth_factor; 15
glucose; 15
microtubule-associated_proteins; 14
folic_acid; 14
prions; 14
aspartic_acid; 14
transcription_factors; 14
membrane_glycoproteins; 14
interleukin-1; 14
free_radicals; 14
caspase_3; 14
glycogen_synthase_kinase_3_beta; 13
peptide_hydrolases; 13
amyloid_beta-protein_(25-35); 13
oxygen; 13
rna__small_interfering; 13
dna__mitochondrial; 13
neurotoxins; 13
plant_extracts; 12
synucleins; 12
anticholesteremic_agents; 12
dna-binding_proteins; 12
intracellular_signaling_peptides_and_proteins; 11
epitopes; 11
methionine; 11
estradiol; 11
glycosylation_end_products__advanced; 11
chelating_agents; 11
dna_primers; 11
dopamine_agents; 11
vitamin_b_12; 11
immunoglobulin_g; 11
adaptor_proteins__signal_transducing; 11
low_density_lipoprotein_receptor-related_protein-1; 10
molecular_chaperones; 10
glutathione; 10
ascorbic_acid; 10
protein-serine-threonine_kinases; 10
risperidone; 10
steroid_hydroxylases; 10
glycoproteins; 10
drugs__chinese_herbal; 10
congo_red; 10
nf-kappa_b; 10
insulin-like_growth_factor_i; 10
nitric_oxide_synthase; 10
recombinant_fusion_proteins; 10
dna__complementary; 10
vaccines; 10
membrane_transport_proteins; 10
lipoproteins; 10
cyclin-dependent_kinase_5; 10
n-methylaspartate; 10
snca_protein__human; 9
synaptophysin; 9
benzodiazepines; 9
ions; 9
cyclin-dependent_kinases; 9
placebos; 9
lysine; 9
alpha7_nicotinic_acetylcholine_receptor; 9
creatine; 9
receptors__ldl; 9
cholesterol_24-hydroxylase; 9
rna; 9
antidepressive_agents; 9
n-acetylaspartate; 9
prostaglandin-endoperoxide_synthases; 9
apolipoprotein_e2; 9
receptors__muscarinic; 9
interleukin-6; 9
muscarinic_antagonists; 9
c-reactive_protein; 9
threonine; 9
apolipoprotein_e3; 8
oxidants; 8
calpain; 8
lipids; 8
receptors__cell_surface; 8
oligopeptides; 8
anti-inflammatory_agents; 8
cell_cycle_proteins; 8
trans-activators; 8
gamma-aminobutyric_acid; 8
calcium-binding_proteins; 8
casp3_protein__human; 8
an-1792; 8
nuclear_proteins; 8
polymers; 8
ppar_gamma; 8
tumor_necrosis_factor-alpha; 8
isoenzymes; 8
proto-oncogene_proteins_c-bcl-2; 8
inflammation_mediators; 8
phosphoprotein_phosphatases; 8
autoantibodies; 8
olanzapine; 8
protein_kinases; 8
ibuprofen; 8
green_fluorescent_proteins; 8
phospholipids; 7
tubulin; 7
jnk_mitogen-activated_protein_kinases; 7
multiprotein_complexes; 7
valine; 7
aniline_compounds; 7
receptors__estrogen; 7
psychotropic_drugs; 7
serotonin_uptake_inhibitors; 7
amyloid_beta-peptides; 1291
biomarkers; 480
peptide_fragments; 466
tau_proteins; 459
amyloid_beta-protein_precursor; 389
amyloid_beta-protein_(1-42); 340
presenilin-1; 211
cholinesterase_inhibitors; 187
neuroprotective_agents; 184
amyloid_precursor_protein_secretases; 167
apolipoprotein_e4; 143
apolipoproteins_e; 141
amyloid; 125
psen1_protein__human; 124
amyloid_beta-protein_(1-40); 113
app_protein__human; 112
radiopharmaceuticals; 111
mapt_protein__human; 102
nerve_tissue_proteins; 99
nootropic_agents; 98
aniline_compounds; 98
fluorodeoxyglucose_f18; 93
antioxidants; 87
piperidines; 80
aspartic_acid_endopeptidases; 74
thiazoles; 74
acetylcholinesterase; 73
rna__messenger; 73
indans; 69
donepezil; 67
membrane_proteins; 57
glucose; 55
cytokines; 55
reactive_oxygen_species; 54
protein_aggregates; 54
plant_extracts; 53
brain-derived_neurotrophic_factor; 53
membrane_glycoproteins; 50
2-(4'-(methylamino)phenyl)-6-hydroxybenzothiazole; 48
memantine; 48
bace1_protein__human; 47
glycogen_synthase_kinase_3; 46
antipsychotic_agents; 42
micrornas; 41
glycogen_synthase_kinase_3_beta; 39
copper; 37
receptors__immunologic; 37
ethylene_glycols; 36
tumor_necrosis_factor-alpha; 36
calcium; 36
butyrylcholinesterase; 36
cholesterol; 35
glial_fibrillary_acidic_protein; 35
enzyme_inhibitors; 35
benzothiazoles; 34
florbetapir; 34
ligands; 33
peptides; 33
adaptor_proteins__signal_transducing; 32
insulin; 31
antibodies__monoclonal; 31
anti-inflammatory_agents__non-steroidal; 30
antibodies; 30
inflammation_mediators; 29
drugs__chinese_herbal; 29
prions; 28
bace1_protein__mouse; 27
antibodies__monoclonal__humanized; 27
curcumin; 27
dna-binding_proteins; 26
superoxide_dismutase; 26
zinc; 26
trem2_protein__human; 25
proto-oncogene_proteins_c-akt; 25
fluorescent_dyes; 25
alpha-synuclein; 25
amyloid_beta-protein_(25-35); 25
rivastigmine; 25
nf-kappa_b; 24
transcription_factors; 24
glutathione; 23
acetylcholine; 23
galantamine; 23
gsk3b_protein__mouse; 22
genetic_markers; 22
stilbenes; 22
streptozocin; 22
recombinant_proteins; 22
caspase_3; 22
chelating_agents; 21
iron; 21
hypoglycemic_agents; 21
flavonoids; 21
anti-inflammatory_agents; 21
receptors__n-methyl-d-aspartate; 20
nuclear_proteins; 20
presenilin-2; 20
proteins; 19
protein_isoforms; 19
mapt_protein__mouse; 19
pyridines; 19
neprilysin; 19
membrane_transport_proteins; 19
thioflavin_t; 18
gsk3b_protein__human; 18
choline_o-acetyltransferase; 18
proteome; 18
malondialdehyde; 18
amyloidogenic_proteins; 17
fluorine_radioisotopes; 17
clusterin; 17
excitatory_amino_acid_antagonists; 17
carbon_radioisotopes; 17
insulysin; 17
hydrogen_peroxide; 17
blood_glucose; 17
polyphenols; 17
advanced_glycosylation_end_product-specific_receptor; 16
indoles; 16
proteasome_endopeptidase_complex; 16
adenosine_triphosphate; 16
brain-derived_neurotrophic_factor__human; 16
immunoglobulin_g; 16
tumor_suppressor_proteins; 16
tacrine; 15
lipids; 15
metals; 15
rna__small_interfering; 15
intracellular_signaling_peptides_and_proteins; 15
histones; 15
presenilin_1__mouse; 15
phenols; 15
carrier_proteins; 15
antidepressive_agents; 15
psen2_protein__human; 14
protein-serine-threonine_kinases; 14
cyclic_amp_response_element-binding_protein; 14
hydroxymethylglutaryl-coa_reductase_inhibitors; 14
interleukin-1beta; 14
oxygen; 14
clu_protein__human; 14
nerve_growth_factor; 14
nitric_oxide; 14
green_fluorescent_proteins; 14
microtubule-associated_proteins; 14
n-methyl-2-(4'-methylaminophenyl)-6-hydroxybenzothiazole; 14
nerve_growth_factors; 14
glutathione_peroxidase; 14
docosahexaenoic_acids; 13
alpha7_nicotinic_acetylcholine_receptor; 13
antigens__cd; 13
solanezumab; 13
folic_acid; 13
scopolamine_hydrobromide; 13
psychotropic_drugs; 13
intercellular_signaling_peptides_and_proteins; 13
ldl-receptor_related_proteins; 13
molecular_chaperones; 12
tor_serine-threonine_kinases; 12
glycosylation_end_products__advanced; 12
vascular_endothelial_growth_factor_a; 12
glutamic_acid; 12
lipopolysaccharides; 12
drug_carriers; 12
protease_inhibitors; 12
melatonin; 12
presenilins; 12
vitamin_b_12; 12
recombinant_fusion_proteins; 12
pyrimidines; 12
interleukin-6; 12
homocysteine; 12
microfilament_proteins; 11
fatty_acids__omega-3; 11
nf-e2-related_factor_2; 11
abca7_protein__human; 11
receptors__ampa; 11
c-reactive_protein; 11
mitochondrial_proteins; 11
cholinergic_antagonists; 11
calcium-binding_proteins; 11
apolipoprotein_e3; 11
leptin; 11
oligopeptides; 11
ppar_gamma; 11
calcium-calmodulin-dependent_protein_kinase_type_2; 11
insulin-like_growth_factor_i; 11
resveratrol; 11
cholinesterases; 11
water; 11
phospholipids; 10
phosphatidylinositol_3-kinases; 10
sorl1_protein__human; 10
receptors__cell_surface; 10
sialic_acid_binding_ig-like_lectin_3; 10
saponins; 10
phosphoproteins; 10
blood_proteins; 10
apoptosis_regulatory_proteins; 10
quinolines; 10
